{
    "uvs":[],
    "normals":[-0.307257,-0.473206,0.825633,0.318482,-0.258502,0.912001,0.219329,-0.260403,0.940258,0.606385,-0.529265,-0.593444,0.727995,0.635738,0.256632,-0.941253,0.209775,0.264644,-0.949216,0.214969,0.229731,0.935629,0.110046,0.335392,-0.9956,-0.093675,0.00256,-0.32552,-0.944657,-0.040745,0.094004,-0.973899,-0.2066,-0.235266,0.943891,0.231775,-0.302608,0.931786,0.200506,-0.27294,0.935919,0.222622,-0.27289,0.916305,0.293114,-0.251819,0.736175,0.628199,-0.301422,0.902124,0.308734,0.926341,0.376306,-0.016923,0.600137,-0.659601,0.452506,0.363452,-0.737826,0.568784,-0.274429,0.845585,0.457902,-0.970957,0.08796,0.222501,0.864105,0.273561,0.422478,0.939286,0.281316,0.196477,0.658873,0.746644,0.091701,-0.963124,-0.035717,0.266678,-0.860807,0.507245,-0.04139,0.635447,0.570824,-0.519969,-0.797463,0.574552,-0.184232,0.899394,0.272542,-0.341777,0.68374,0.476805,-0.55241,-0.875798,-0.006118,-0.48264,-0.486294,-0.149205,-0.860963,-0.900178,-0.04839,-0.432825,-0.890219,0.069891,-0.450139,-0.879558,0.046188,-0.473545,0.848207,0.393478,-0.354571,0.80992,0.214411,-0.545946,-0.507005,0.198552,-0.838763,0.937395,0.339725,-0.076669,0.913555,0.383435,0.135628,0.217238,-0.141679,0.965782,0.023324,0.063804,0.99769,-0.827443,0.406138,-0.387801,-0.954874,0.293718,0.0441,-0.609184,0.350703,-0.711268,0.741702,0.478249,-0.470271,0.286894,0.207738,-0.935167,0.997131,0.06878,0.031608,0.993796,0.022749,-0.108863,0.044174,0.772302,0.633718,0.628576,0.001001,0.777747,-0.627239,0.249574,0.737756,-0.614555,0.079862,0.784821,0.359794,-0.097091,0.927966,0.968617,-0.24744,-0.023531,0.979448,-0.196662,0.044776,-0.990149,-0.042522,0.133402,0.335492,-0.062105,-0.939994,0.044551,-0.104927,-0.993482,-0.629136,0.480348,-0.611109,-0.898096,0.156824,-0.410888,0.945369,-0.171474,-0.277262,0.076937,0.721602,0.68802,-0.75265,0.619572,0.222817,-0.814966,0.418839,-0.400506,0.056293,0.085887,-0.994713,0.594514,0.496583,-0.632423,0.540358,0.837786,0.078275,0.811757,-0.239282,-0.532724,0.583697,0.808555,0.074402,-0.988327,0.050443,-0.143751,-0.832362,0.125855,0.539754],
    "vertices":[-0.077202,0.775613,0.509543,0.065698,0.72532,0.533898,-0.013835,0.923359,0.617805,0.078414,0.952251,0.59378,0.184044,0.852402,0.541487,0.110844,1.03056,0.307802,-0.037344,0.935847,0.52429,-0.098098,0.989862,0.222722,0.193487,0.81986,0.14639,-0.079634,0.791761,0.154572,0.096948,1.06004,0.2027,0.07858,1.09889,0.283697,0.060002,1.04185,0.225179,-0.054921,1.00805,0.218721,-0.101711,1.04188,0.292512,0.014234,1.16056,-0.021481,0.196063,0.860197,0.015,0.139692,1.07514,0.038057,-0.13661,0.827836,0.061933,-0.12421,0.981381,0.018978,-0.020765,1.06443,-0.169786,0.127066,0.807326,-0.208728,-0.055175,0.796697,-0.103952,-0.164042,0.569902,0.076136,-0.036394,0.607035,-0.157335,-0.110343,0.529146,0.172085,0.278913,0.614882,-0.059039,0.138498,0.63595,-0.259073,0.304717,0.576334,0.085645,-0.192747,0.307695,-0.137222,-0.235498,0.329004,0.133384,0.037845,0.328524,-0.358243,0.302087,0.374481,-0.26697,0.29438,0.38583,-0.048533,0.300208,0.395518,0.089522,0.013542,0.399702,0.321201,-0.135685,0.135063,0.231278,0.217103,0.05906,0.206635,-0.254421,0.125733,-0.071866,0.066581,0.101765,-0.333006,-0.129511,0.126876,-0.344451,-0.341642,-0.011335,-0.057338,-0.236658,0.010645,0.308154,0.281379,0.007121,0.318828,-0.177302,0.004884,-0.355173,0.145192,-0.001211,-0.339964,0.272345,0.058919,-0.173219,0.341516,-0.003286,-0.039876],
    "metadata":{
        "generator":"io_three",
        "version":3,
        "faces":73,
        "type":"Geometry",
        "normals":73,
        "vertices":48,
        "materials":2,
        "uvs":0
    },
    "faces":[34,0,1,2,0,0,0,0,34,1,3,2,0,1,1,1,34,3,1,4,0,2,2,2,34,4,1,5,1,3,3,3,34,4,5,3,0,4,4,4,34,0,2,6,0,5,5,5,34,6,7,0,0,6,6,6,34,5,1,8,0,7,7,7,34,7,9,0,0,8,8,8,34,1,0,9,0,9,9,9,34,8,1,9,0,10,10,10,34,2,3,5,0,11,11,11,34,6,2,5,0,12,12,12,34,7,6,5,0,13,13,13,34,5,10,12,0,14,14,14,34,12,13,7,0,15,15,15,34,5,12,7,0,16,16,16,34,8,10,5,0,17,17,17,34,10,11,12,0,18,18,18,34,13,14,7,0,19,19,19,34,12,15,13,0,20,20,20,34,11,15,12,0,21,21,21,34,14,13,15,0,22,22,22,35,10,8,16,17,0,23,23,23,23,35,10,17,15,11,0,24,24,24,24,35,19,18,9,7,0,25,25,25,25,35,7,14,15,19,0,26,26,26,26,34,15,17,20,0,27,27,27,34,19,15,20,0,28,28,28,34,17,16,21,0,29,29,29,34,17,21,20,0,30,30,30,34,20,22,19,0,31,31,31,34,21,22,20,0,32,32,32,34,19,22,18,0,33,33,33,34,22,23,18,1,34,34,34,34,23,22,24,1,35,35,35,34,21,16,26,1,36,36,36,34,26,27,21,1,37,37,37,35,21,27,24,22,1,38,38,38,38,34,26,16,28,1,39,39,39,34,16,8,28,1,40,40,40,34,28,8,25,1,41,41,41,34,9,25,8,1,42,42,42,34,24,29,23,1,43,43,43,35,25,23,29,30,1,44,44,44,44,35,27,31,29,24,1,45,45,45,45,34,27,26,32,1,46,46,46,34,31,27,32,1,47,47,47,34,32,26,33,1,48,48,48,35,28,34,33,26,1,49,49,49,49,34,28,25,35,1,50,50,50,34,34,28,35,1,51,51,51,34,30,35,25,1,52,52,52,34,35,30,36,1,53,53,53,35,37,34,35,36,1,54,54,54,54,34,34,37,33,1,55,55,55,34,33,37,32,1,56,56,56,35,38,36,30,29,1,57,57,57,57,34,32,39,31,1,58,58,58,34,39,40,31,1,59,59,59,34,31,40,29,1,60,60,60,34,38,29,40,1,61,61,61,35,37,46,39,32,1,62,62,62,62,35,37,36,42,43,0,63,63,63,63,35,41,42,36,38,0,64,64,64,64,35,40,44,41,38,0,65,65,65,65,35,45,44,40,39,0,66,66,66,66,34,45,39,46,0,67,67,67,34,46,37,43,0,68,68,68,34,47,45,46,0,69,69,69,34,46,43,47,0,70,70,70,34,46,37,32,1,71,71,71,35,9,18,23,25,1,72,72,72,72],
    "materials":[{
        "shading":"phong",
        "opacity":1,
        "depthWrite":true,
        "visible":true,
        "specularCoef":50,
        "wireframe":false,
        "DbgName":"Material",
        "depthTest":true,
        "DbgIndex":0,
        "blending":"NormalBlending",
        "colorSpecular":[0.040615,0.040615,0.040615],
        "colorDiffuse":[0.113717,0.113717,0.113717],
        "colorEmissive":[0,0,0],
        "DbgColor":15658734,
        "transparent":false
    },{
        "shading":"lambert",
        "opacity":1,
        "depthWrite":true,
        "visible":true,
        "wireframe":false,
        "DbgName":"Material.001",
        "depthTest":true,
        "DbgIndex":1,
        "blending":"NormalBlending",
        "colorDiffuse":[0.8,0.8,0.8],
        "colorEmissive":[0,0,0],
        "DbgColor":15597568,
        "transparent":false
    }]
}