{
    "uvs":[],
    "normals":[0.26746,-0.476477,-0.837517,-0.362345,-0.263718,-0.893957,-0.264701,-0.265515,-0.927057,-0.574991,-0.527838,0.625118,-0.74145,0.632708,-0.223454,0.926506,0.210769,-0.31171,0.936166,0.216153,-0.277257,-0.95131,0.106136,-0.289386,0.99451,-0.091267,-0.051184,0.329652,-0.943653,0.029137,-0.081111,-0.973106,0.215605,0.221039,0.943319,-0.247571,0.289874,0.93153,-0.2196,0.25914,0.935483,-0.240247,0.25567,0.915526,-0.310557,0.218593,0.733714,-0.643336,0.283435,0.901338,-0.327496,-0.925382,0.374132,0.060774,-0.619944,-0.663256,-0.419237,-0.389071,-0.741471,-0.546667,0.249275,0.844007,-0.474883,0.958575,0.089234,-0.270504,-0.8846,0.269398,-0.380667,-0.948574,0.278072,-0.151274,-0.66458,0.744585,-0.062659,0.948904,-0.034676,-0.313653,0.860445,0.509531,-0.003498,-0.610573,0.571806,0.547941,0.804038,0.57738,0.141971,-0.882183,0.272019,0.384395,-0.656958,0.47783,0.583169,0.89853,-0.001637,0.438909,0.528525,-0.143823,0.836646,0.920539,-0.044092,0.388154,0.91113,0.074248,0.405375,0.901698,0.050633,0.429391,-0.83075,0.393139,0.394075,-0.782603,0.215101,0.584178,0.54719,0.20387,0.811801,-0.933381,0.337816,0.121165,-0.920148,0.380548,-0.092254,-0.264187,-0.146913,-0.953217,-0.072629,0.058883,-0.995619,0.844462,0.410033,0.344612,0.950754,0.295819,-0.092507,0.642556,0.355645,0.678704,-0.718901,0.478732,0.503981,-0.241016,0.211597,0.947174,-0.997657,0.066202,0.017252,-0.987282,0.020864,0.157605,-0.077409,0.769094,-0.634431,-0.666138,-0.004318,-0.745816,0.589455,0.247498,-0.768953,0.57492,0.077528,-0.814529,-0.404825,-0.102488,-0.908633,-0.965618,-0.249675,0.07242,-0.979937,-0.199257,0.00449,0.982483,-0.040766,-0.18184,-0.288597,-0.058336,0.955672,0.004739,-0.10019,0.994957,0.657201,0.484849,0.577068,0.916831,0.161007,0.365372,-0.930097,-0.172417,0.324333,-0.112672,0.71805,-0.686811,0.739101,0.620306,-0.262584,0.832591,0.422765,0.357856,-0.007437,0.090597,0.99586,-0.56395,0.498213,0.658592,-0.545792,0.836079,-0.055524,-0.783879,-0.238655,0.573218,-0.588809,0.806762,-0.049381,0.994072,0.053545,0.094621,0.804414,0.125245,-0.580716],
    "vertices":[0.048886,0.772457,-0.523435,-0.094905,0.7217,-0.540478,-0.020133,0.91952,-0.629143,-0.111162,0.948305,-0.600737,-0.21382,0.848455,-0.542828,-0.12967,1.02792,-0.313884,0.007923,0.93252,-0.536961,0.083319,0.988152,-0.239014,-0.203696,0.817816,-0.147596,0.068764,0.790342,-0.169096,-0.110689,1.05795,-0.209736,-0.09644,1.09646,-0.291724,-0.074848,1.03974,-0.233922,0.040344,1.00625,-0.232976,0.08335,1.03984,-0.309144,-0.017297,1.15977,0.009616,-0.199901,0.858788,-0.016432,-0.145309,1.07375,-0.04326,0.130139,0.827006,-0.079551,0.119462,0.980729,-0.036767,0.025223,1.06445,0.15647,-0.119823,0.807175,0.203872,0.057061,0.796479,0.090292,0.157526,0.569074,-0.093864,0.041439,0.607035,0.145436,0.099274,0.527721,-0.186854,-0.278348,0.613636,0.062765,-0.128303,0.63602,0.255533,-0.311147,0.57432,-0.080287,0.197409,0.307981,0.119063,0.226717,0.328074,-0.15342,-0.022066,0.329327,0.35108,-0.290606,0.374195,0.272724,-0.293702,0.384498,0.054122,-0.306353,0.393499,-0.083522,-0.031463,0.39725,-0.329067,0.122719,0.133416,-0.245352,-0.228222,0.056677,-0.20299,0.256274,0.125853,0.051612,-0.051405,0.102378,0.328367,0.144945,0.128021,0.330014,0.343037,-0.011073,0.033453,0.220113,0.00887,-0.32652,-0.29781,0.004035,-0.31163,0.193532,0.006198,0.338946,-0.129303,-0.000754,0.339681,-0.264678,0.058254,0.179121,-0.34017,-0.004768,0.049647],
    "metadata":{
        "generator":"io_three",
        "version":3,
        "faces":73,
        "type":"Geometry",
        "normals":73,
        "vertices":48,
        "materials":2,
        "uvs":0
    },
    "faces":[34,0,1,2,0,0,0,0,34,1,3,2,0,1,1,1,34,3,1,4,0,2,2,2,34,4,1,5,0,3,3,3,34,4,5,3,0,4,4,4,34,0,2,6,0,5,5,5,34,6,7,0,0,6,6,6,34,5,1,8,0,7,7,7,34,7,9,0,0,8,8,8,34,1,0,9,0,9,9,9,34,8,1,9,0,10,10,10,34,2,3,5,0,11,11,11,34,6,2,5,0,12,12,12,34,7,6,5,0,13,13,13,34,5,10,12,0,14,14,14,34,12,13,7,0,15,15,15,34,5,12,7,0,16,16,16,34,8,10,5,0,17,17,17,34,10,11,12,0,18,18,18,34,13,14,7,0,19,19,19,34,12,15,13,0,20,20,20,34,11,15,12,0,21,21,21,34,14,13,15,0,22,22,22,35,10,8,16,17,0,23,23,23,23,35,10,17,15,11,0,24,24,24,24,35,19,18,9,7,0,25,25,25,25,35,7,14,15,19,0,26,26,26,26,34,15,17,20,0,27,27,27,34,19,15,20,0,28,28,28,34,17,16,21,0,29,29,29,34,17,21,20,0,30,30,30,34,20,22,19,0,31,31,31,34,21,22,20,0,32,32,32,34,19,22,18,0,33,33,33,34,22,23,18,1,34,34,34,34,23,22,24,1,35,35,35,34,21,16,26,1,36,36,36,34,26,27,21,1,37,37,37,35,21,27,24,22,1,38,38,38,38,34,26,16,28,1,39,39,39,34,16,8,28,1,40,40,40,34,28,8,25,1,41,41,41,34,9,25,8,1,42,42,42,34,24,29,23,1,43,43,43,35,25,23,29,30,1,44,44,44,44,35,27,31,29,24,1,45,45,45,45,34,27,26,32,1,46,46,46,34,31,27,32,1,47,47,47,34,32,26,33,1,48,48,48,35,28,34,33,26,1,49,49,49,49,34,28,25,35,1,50,50,50,34,34,28,35,1,51,51,51,34,30,35,25,1,52,52,52,34,35,30,36,1,53,53,53,35,37,34,35,36,1,54,54,54,54,34,34,37,33,1,55,55,55,34,33,37,32,1,56,56,56,35,38,36,30,29,1,57,57,57,57,34,32,39,31,1,58,58,58,34,39,40,31,1,59,59,59,34,31,40,29,1,60,60,60,34,38,29,40,1,61,61,61,35,37,46,39,32,1,62,62,62,62,35,37,36,42,43,0,63,63,63,63,35,41,42,36,38,0,64,64,64,64,35,40,44,41,38,0,65,65,65,65,35,45,44,40,39,0,66,66,66,66,34,45,39,46,0,67,67,67,34,46,37,43,0,68,68,68,34,47,45,46,0,69,69,69,34,46,43,47,0,70,70,70,34,46,37,32,1,71,71,71,35,9,18,23,25,1,72,72,72,72],
    "materials":[{
        "shading":"lambert",
        "opacity":1,
        "depthWrite":true,
        "visible":true,
        "wireframe":false,
        "DbgName":"Material.001",
        "depthTest":true,
        "DbgIndex":1,
        "blending":"NormalBlending",
        "colorDiffuse":[0.8,0.8,0.8],
        "colorEmissive":[0,0,0],
        "DbgColor":15597568,
        "transparent":false
    },{
        "shading":"phong",
        "opacity":1,
        "depthWrite":true,
        "visible":true,
        "specularCoef":50,
        "wireframe":false,
        "DbgName":"Material",
        "depthTest":true,
        "DbgIndex":0,
        "blending":"NormalBlending",
        "colorSpecular":[0.067728,0.067728,0.067728],
        "colorDiffuse":[0.113717,0.113717,0.113717],
        "colorEmissive":[0,0,0],
        "DbgColor":15658734,
        "transparent":false
    }]
}