{
    "materials":[{
        "transparent":false,
        "colorSpecular":[0.121762,0.121762,0.121762],
        "depthWrite":true,
        "blending":"NormalBlending",
        "DbgIndex":0,
        "visible":true,
        "wireframe":false,
        "DbgName":"Material",
        "shading":"phong",
        "colorDiffuse":[0.207841,0.183708,0.178349],
        "depthTest":true,
        "opacity":1,
        "DbgColor":15658734,
        "colorEmissive":[0,0,0],
        "specularCoef":50
    }],
    "faces":[35,2,0,1,3,0,0,0,0,0,35,3,7,6,2,0,1,1,1,1,35,7,5,4,6,0,2,2,2,2,35,0,4,5,1,0,3,3,3,3,35,0,2,6,4,0,4,4,4,4,35,5,7,3,1,0,5,5,5,5],
    "normals":[0.012715,0,-0.999919,0.999919,0,0.012715,-0.012715,0,0.999919,-0.999919,0,-0.012715,0,-1,0,-0,1,-0],
    "vertices":[-6.16498,-0.601152,-9.24889,-6.16498,-0.176589,-9.24889,7.30624,-0.601152,-9.07759,7.30624,-0.176589,-9.07759,-6.38636,-0.601151,8.15974,-6.38636,-0.176588,8.15974,7.08487,-0.601151,8.33104,7.08487,-0.176588,8.33104],
    "metadata":{
        "normals":6,
        "version":3,
        "vertices":8,
        "faces":6,
        "materials":1,
        "type":"Geometry",
        "uvs":0,
        "generator":"io_three"
    },
    "uvs":[]
}