{
    "metadata":{
        "generator":"io_three",
        "type":"Geometry",
        "uvs":0,
        "faces":178,
        "materials":2,
        "vertices":130,
        "normals":170,
        "version":3
    },
    "materials":[{
        "colorEmissive":[0,0,0],
        "depthWrite":true,
        "specularCoef":50,
        "shading":"phong",
        "opacity":1,
        "DbgColor":15658734,
        "wireframe":false,
        "DbgIndex":0,
        "blending":"NormalBlending",
        "DbgName":"Material",
        "colorDiffuse":[0.085229,0.085229,0.085229],
        "transparent":false,
        "visible":true,
        "depthTest":true,
        "colorSpecular":[0.109952,0.109952,0.109952]
    },{
        "colorEmissive":[0,0,0],
        "depthWrite":true,
        "shading":"lambert",
        "opacity":1,
        "DbgColor":15597568,
        "wireframe":false,
        "DbgIndex":1,
        "blending":"NormalBlending",
        "DbgName":"Material.001",
        "colorDiffuse":[0.8,0.8,0.8],
        "transparent":false,
        "visible":true,
        "depthTest":true
    }],
    "vertices":[-0.012423,0.854824,0.008942,0.166771,0.991715,0.139132,-0.080868,0.991715,0.219596,-0.233919,0.991716,0.008942,-0.080868,0.991715,-0.201713,0.166771,0.991715,-0.121249,0.056022,1.21321,0.219596,-0.191617,1.21321,0.139132,-0.191617,1.21321,-0.121249,0.056022,1.21321,-0.201713,0.209073,1.21321,0.008942,-0.012423,1.3501,0.008942,-0.052654,0.891808,0.13276,0.092904,0.891808,0.085465,0.052674,0.97227,0.209285,0.198231,0.972271,0.008942,0.092904,0.891808,-0.067582,-0.142615,0.891809,0.008942,-0.182846,0.972271,0.132761,-0.052654,0.891808,-0.114877,-0.182846,0.972271,-0.114878,0.052674,0.97227,-0.191402,0.223097,1.10246,0.085465,0.223097,1.10246,-0.067582,-0.012423,1.10246,0.256581,0.133136,1.10246,0.209286,-0.247943,1.10246,0.085465,-0.157982,1.10246,0.209286,-0.157982,1.10246,-0.191403,-0.247943,1.10246,-0.067582,0.133136,1.10246,-0.191403,-0.012423,1.10246,-0.238698,0.158,1.23266,0.132761,-0.07752,1.23266,0.209285,-0.223077,1.23266,0.008942,-0.07752,1.23266,-0.191402,0.158,1.23266,-0.114878,0.027807,1.31312,0.13276,0.117769,1.31312,0.008942,-0.11775,1.31312,0.085465,-0.11775,1.31312,-0.067582,0.027807,1.31312,-0.114877,0.330421,0.02108,-0.330369,0.330421,0.02108,0.348371,-0.348319,0.02108,0.348371,-0.348319,0.02108,-0.330369,0.330422,0.156829,-0.33037,0.33042,0.156828,0.348371,-0.34832,0.156828,0.34837,-0.34832,0.156829,-0.33037,0.330421,0.156829,-0.194622,0.330421,0.156828,-0.058874,0.330421,0.156828,0.076874,0.330421,0.156828,0.212623,0.194673,0.156829,-0.33037,0.058925,0.156829,-0.33037,-0.076823,0.156829,-0.33037,-0.212572,0.156829,-0.33037,0.194672,0.156828,0.348371,0.058924,0.156828,0.348371,-0.076824,0.156828,0.348371,-0.212571,0.156828,0.348371,-0.34832,0.156828,0.212622,-0.34832,0.156828,0.076874,-0.34832,0.156828,-0.058874,-0.34832,0.156829,-0.194622,0.164991,0.269167,-0.141996,0.17055,0.295091,-0.024934,0.160746,0.295091,0.07472,0.142047,0.269166,0.182941,0.05677,0.295091,-0.160695,0.024985,0.295091,0.1885,-0.042884,0.295091,-0.170499,-0.074669,0.295091,0.178696,-0.159946,0.269167,-0.16494,-0.178645,0.295091,-0.056719,-0.188448,0.295091,0.042935,-0.18289,0.269166,0.159997,0.030992,0.705558,0.08567,-0.014972,0.707718,0.084522,-0.054719,0.707718,0.072392,-0.085618,0.705558,0.048943,0.054442,0.707718,0.054771,-0.2251,0.848141,0.009123,-0.155602,0.848141,0.105219,-0.08447,0.707718,0.002979,0.066571,0.707718,0.015023,-0.105002,0.848141,0.155762,-0.008828,0.848141,0.225152,-0.072341,0.707718,-0.036769,0.06772,0.705558,-0.030941,0.036821,0.707718,-0.054391,-0.002927,0.707718,-0.06652,-0.048891,0.705558,-0.067668,-0.008864,0.892815,0.160715,-0.059464,0.892815,0.110172,-0.110064,0.892815,0.059629,-0.160664,0.892815,0.009086,0.041679,0.892815,0.110115,-0.008921,0.892815,0.059572,-0.059521,0.892815,0.00903,-0.110121,0.892815,-0.041513,0.092222,0.892815,0.059515,0.041622,0.892815,0.008973,-0.008978,0.892815,-0.04157,-0.059578,0.892815,-0.092113,0.142765,0.892815,0.008916,0.092165,0.892815,-0.041627,0.041565,0.892815,-0.09217,-0.009035,0.892815,-0.142713,0.087268,0.848141,0.155654,-0.15571,0.848141,-0.087051,0.137811,0.848141,0.105054,-0.105167,0.848141,-0.137651,0.207202,0.848141,0.008879,0.137703,0.848141,-0.087217,0.087103,0.848141,-0.13776,-0.009071,0.848141,-0.20715,-0.008828,0.892815,0.225152,-0.105002,0.892815,0.155762,-0.155602,0.892815,0.105219,-0.2251,0.892815,0.009123,0.087268,0.892815,0.155653,-0.15571,0.892815,-0.087051,0.137811,0.892815,0.105054,-0.105167,0.892815,-0.137651,0.207202,0.892815,0.008879,0.137703,0.892815,-0.087217,0.087103,0.892815,-0.13776,-0.009071,0.892815,-0.20715],