{
    "normals":[-0,-1,-1.4e-05,0,1,1.4e-05,1,0,0.000438,-0.000438,-1.4e-05,1,-1,-1e-06,-0.000438,0.000438,1.5e-05,-1],
    "vertices":[0.510888,-0.164624,-0.498729,0.510446,-0.164638,0.512691,-0.500974,-0.164638,0.512248,-0.500531,-0.164624,-0.499171,0.510889,-0.022776,-0.498727,0.510446,-0.022789,0.512693,-0.500974,-0.022789,0.51225,-0.500531,-0.022775,-0.499169],
    "materials":[{
        "specularCoef":50,
        "depthTest":true,
        "opacity":1,
        "transparent":false,
        "depthWrite":true,
        "wireframe":false,
        "visible":true,
        "shading":"phong",
        "colorEmissive":[0,0,0],
        "colorSpecular":[0.078804,0.078804,0.078804],
        "DbgColor":15597568,
        "colorDiffuse":[0.39352,0.39352,0.39352],
        "blending":"NormalBlending",
        "DbgIndex":1,
        "DbgName":"Material.001"
    }],
    "faces":[35,0,1,2,3,0,0,0,0,0,35,4,7,6,5,0,1,1,1,1,35,0,4,5,1,0,2,2,2,2,35,1,5,6,2,0,3,3,3,3,35,2,6,7,3,0,4,4,4,4,35,4,0,3,7,0,5,5,5,5],
    "uvs":[],
    "metadata":{
        "version":3,
        "materials":1,
        "vertices":8,
        "normals":6,
        "type":"Geometry",
        "faces":6,
        "uvs":0,
        "generator":"io_three"
    }
}