{
    "normals":[-0,-1,-1.4e-05,0,1,1.4e-05,1,0,0.000438,-0.000438,-1.4e-05,1,-1,-1e-06,-0.000438,0.000438,1.5e-05,-1],
    "vertices":[0.507404,-0.161142,-0.495247,0.506965,-0.161155,0.509207,-0.49749,-0.161155,0.508767,-0.49705,-0.161141,-0.495687,0.507405,-0.02027,-0.495245,0.506964,-0.020283,0.509209,-0.49749,-0.020283,0.508769,-0.49705,-0.020269,-0.495685],
    "materials":[{
        "specularCoef":50,
        "depthTest":true,
        "opacity":1,
        "transparent":false,
        "depthWrite":true,
        "wireframe":false,
        "visible":true,
        "shading":"phong",
        "colorEmissive":[0,0,0],
        "colorSpecular":[0.041254,0.033332,0.038772],
        "DbgColor":15658734,
        "colorDiffuse":[0.482231,0.008463,0.007212],
        "blending":"NormalBlending",
        "DbgIndex":0,
        "DbgName":"Material"
    }],
    "faces":[35,0,1,2,3,0,0,0,0,0,35,4,7,6,5,0,1,1,1,1,35,0,4,5,1,0,2,2,2,2,35,1,5,6,2,0,3,3,3,3,35,2,6,7,3,0,4,4,4,4,35,4,0,3,7,0,5,5,5,5],
    "uvs":[],
    "metadata":{
        "version":3,
        "materials":1,
        "vertices":8,
        "normals":6,
        "type":"Geometry",
        "faces":6,
        "uvs":0,
        "generator":"io_three"
    }
}